{"E_CPU": 223.19108250000002, "E_MEM": 0, "E_GPU": 0, "E": 223.19108250000002, "I": 100, "M": 40.0, "SCI": 22359.10825}