name,model_name,E_CPU,E_MEM,E_GPU,E,I,M,SCI
tototatar,computeserver_static_imp,0.128,0.5293029436383929,0.06,0.7173029436383929,100.0,1.783675799086758e-06,71.73029614751509
