name,model_name,E_CPU,E_MEM,E_GPU,E,I,M,SCI
tototatar,computeserver_static_imp,0.128,0.5296775716145834,0.06,0.7176775716145833,100.0,1.783675799086758e-06,71.76775894513413
