name,model_name,E_CPU,E_MEM,E_GPU,E,I,M,SCI
tototatar,computeserver_static_imp,223.85109136363636,0.0,0.0,223.85109136363636,100.0,40.0,22425.109136363637
