E_CPU,E_MEM,E_GPU,E,I,M,SCI
223.19108250000002,0,0,223.19108250000002,100,40.0,22359.10825
